Consultas principales,Clics,Impresiones,CTR,Posición
bell and sons,27,95,28.42%,5.34
bell & sons,12,51,23.53%,3.94
bellandsons,10,21,47.62%,1.71
lambrin queretaro,6,353,1.7%,8.16
wpc queretaro,6,211,2.84%,7.26
bell sons,6,11,54.55%,1.45
wpc,4,179,2.23%,2.79
lambrin wpc queretaro,4,50,8%,7.74
pisos wpc para interiores,3,13,23.08%,2.31
venta de lambrin en queretaro,2,148,1.35%,7.8
wpc que es,2,70,2.86%,26.14
wpc exterior,2,18,11.11%,4.72
bell and son,2,5,40%,1
bells and sons,2,3,66.67%,1.67
diferencia entre pvc y wpc,1,73,1.37%,5.64
diferencia entre lambrin wpc y pvc,1,68,1.47%,4.62
wpc colores,1,38,2.63%,8.71
lambrin cerca de mi,1,31,3.23%,5.77
paneles wpc exterior,1,23,4.35%,4.22
wpc tonos,1,22,4.55%,6.55
panel wpc interior,1,20,5%,4.65
que material es el wpc,1,10,10%,2.8
piso wpc interior,1,9,11.11%,2.67
deck wpc exterior,1,9,11.11%,3.89
paneles de pvc para paredes interiores,1,6,16.67%,2.33
panel wpc pared exterior,1,5,20%,3.8
como se coloca el wpc en la pared,1,4,25%,2
que material es wpc,1,4,25%,3
pvc para paredes,1,3,33.33%,4.33
bellsons,1,2,50%,1
pergola wpc,1,2,50%,4
panel wpc pared,1,2,50%,4.5
placas pvc pared,1,2,50%,6
como colocar wpc interior,1,1,100%,2
decks para piscinas,1,1,100%,2
paneles pvc baños,1,1,100%,2
piso wpc para exterior,1,1,100%,2
wpc aluminio,1,1,100%,2
arkos wpc,1,1,100%,4
revestimiento para pared pvc simil mármol,1,1,100%,4
tablas de pvc sodimac,1,1,100%,4
valla de w pc,1,1,100%,7
revestimientos para paredes interiores,1,1,100%,17
lambrin en queretaro,0,157,0%,9.14
que es lambrin,0,92,0%,33.17
wpc marmol,0,76,0%,9.46
marmol wpc,0,62,0%,8.35
lambrin y marmol pvc,0,57,0%,11.46
wpc vs pvc,0,56,0%,6.36
diferencia entre wpc y pvc,0,54,0%,5.8
lambrin lleva acento,0,50,0%,9.44
que es el lambrin,0,45,0%,3.11
wpc panel,0,43,0%,1.91
diferencia entre lambrin pvc y wpc,0,42,0%,5.24
lambrin que es,0,38,0%,42.13
lambrin de pvc queretaro,0,37,0%,10.3
piso wpc,0,35,0%,3.11
marmol pvc y lambrin,0,33,0%,10.88
de que esta hecho el lambrin,0,29,0%,2.48
wpc pared,0,29,0%,3.86
que es wpc,0,26,0%,9.46
wpc y pvc diferencia,0,25,0%,2.72
lambrin wpc,0,24,0%,7.17
pvc vs wpc,0,22,0%,7.32
wpc wall panel,0,21,0%,3.05
que significa wpc,0,20,0%,1.8
que es el lambrin wpc,0,19,0%,6.95
wpc o pvc,0,18,0%,5.44
wpvc,0,16,0%,2.56
puertas wpc,0,16,0%,2.62
valla de wpc,0,16,0%,4.19
catalogo wpc,0,16,0%,7.06
paneles wpc,0,15,0%,2.93
panel de pared wpc,0,15,0%,3.33
lambrin,0,15,0%,4.8
material wpc,0,14,0%,1.86
panel wpc,0,14,0%,4.79
paneles wpc interior,0,13,0%,3
de que material esta hecho el lambrin,0,12,0%,9.58
panel wpc marmol,0,12,0%,9.67
paneles de pared wpc,0,11,0%,2.18
bell son,0,11,0%,3.45
venta de lambrin cerca de mi ubicación,0,11,0%,6.36
wpc panel marmol,0,11,0%,10.27
que es el wpc,0,10,0%,2.7
panel wpc exterior,0,10,0%,4.8
lambrin y pisos laminados acba santiago de querétaro,0,10,0%,10.1
wpc que material es,0,9,0%,2.89
colores de wpc,0,9,0%,7.22
wpc y marmol,0,9,0%,7.22
colores wpc,0,9,0%,8.11
que es un lambrin,0,9,0%,48.56
cual es el lambrin,0,8,0%,1
local guide program,0,8,0%,1
pvc imitación madera para exterior,0,8,0%,1.88
wall panel wpc,0,8,0%,3.38
textura lambrin de madera,0,8,0%,73.5
fachadas wpc,0,7,0%,2
wpc medidas,0,7,0%,2
pvc o wpc,0,7,0%,2.43
paneles wpc homecenter,0,7,0%,3.14
paneles wpc para pared,0,7,0%,3.86
lamina wpc,0,7,0%,4.14
deck de pvc,0,7,0%,4.71
lambrin wpc textura,0,7,0%,8.43
laminas wpc marmol,0,7,0%,9.71
lambrines que es,0,7,0%,88
wpc exterior precio,0,6,0%,2.17
que es wpc material,0,6,0%,2.5
piso wpc precio,0,6,0%,2.67
pisos wpc,0,6,0%,3.17
revestimiento wpc,0,6,0%,4.83
revestimientos wpc,0,6,0%,5
tonos de wpc,0,6,0%,6.5
placa wpc marmol,0,6,0%,10.67
precio de lambrin,0,5,0%,1
paredes wpc,0,5,0%,2
paneles de wpc,0,5,0%,2.6
que tipo de material es wpc,0,5,0%,2.6
wpc precio,0,5,0%,2.8
paneles decorativos wpc,0,5,0%,3.6
pared wpc,0,5,0%,3.8
vallas wpc,0,5,0%,4
wpc revestimiento,0,5,0%,4.2
vigas wpc,0,5,0%,5
deck wpc,0,5,0%,5.8
pvc marmolizado desventajas,0,5,0%,6.4
wpc premium,0,5,0%,6.6
revestimiento de pared wall panel wpc simil madera interior,0,5,0%,7
bell,0,5,0%,7.6
lambrin pvc queretaro,0,5,0%,8.4
textura wpc,0,5,0%,9.6
wpc y pvc es lo mismo,0,5,0%,10.8
lambrin que es y para que sirve,0,4,0%,1
medidas wpc,0,4,0%,1
pbc o pvc,0,4,0%,1.5
wpc panel exterior,0,4,0%,1.75
rodapie wpc,0,4,0%,2
tarima wpc,0,4,0%,2
que es wpc panel,0,4,0%,2.25
wpc material,0,4,0%,2.25
lámina wpc,0,4,0%,2.5
paneles de wpc exterior,0,4,0%,2.5
wpc pared precio,0,4,0%,2.75
deck de pvc para exterior precio,0,4,0%,3.25
paneles pvc para paredes,0,4,0%,3.5
piso wpc exterior,0,4,0%,3.5
wpc leroy merlin,0,4,0%,3.5
wpc para paredes,0,4,0%,3.5
como instalar wpc en pared,0,4,0%,4.25
placas wpc interior,0,4,0%,4.25
pvc deck,0,4,0%,4.25
paneles de pvc para paredes,0,4,0%,4.75
puertas wpc interior,0,4,0%,4.75
sons,0,4,0%,5.25
cual es la diferencia entre wpc y pvc,0,4,0%,6
venta de lambrin cerca de mi,0,4,0%,6.25
valla wpc exterior,0,4,0%,6.5
wpc textura,0,4,0%,11.5
bell &,0,4,0%,14
lambrin chocolate,0,4,0%,33.25
lambrin de madera textura,0,4,0%,84
duela de pvc,0,3,0%,1
piso deck wpc pvc para exterior,0,3,0%,1
panel pwc,0,3,0%,1.33
precio wpc exterior,0,3,0%,1.67
bells,0,3,0%,2
placas de pvc para paredes,0,3,0%,2
láminas wpc,0,3,0%,2.33
paredes en wpc,0,3,0%,2.33
revestimiento pvc baño opiniones,0,3,0%,2.33
lamina wpc precio,0,3,0%,2.67
panel de wpc,0,3,0%,2.67
panel pared wpc exterior,0,3,0%,2.67
panel wpc para exterior,0,3,0%,2.67
precio de lambrin en home depot,0,3,0%,3
revestimiento wpc exterior,0,3,0%,3
wall panel,0,3,0%,3
wpc homecenter,0,3,0%,3
wpc simil madera,0,3,0%,3
pvc y wpc,0,3,0%,3.33
wall fence wpc,0,3,0%,4
wpc blanco,0,3,0%,4
wpc sodimac,0,3,0%,4.33
clips para wpc,0,3,0%,4.67
cuanto cubre una caja de lambrin,0,3,0%,4.67
techo wpc,0,3,0%,4.67
revestimiento exterior wpc,0,3,0%,5
cierre perimetral wpc,0,3,0%,5.33
paneles wpc pared,0,3,0%,6.33
wpc catalogo,0,3,0%,6.33
pared wpc interior,0,3,0%,6.67
belland,0,3,0%,7
valla wpc,0,3,0%,7
corta vista pvc,0,3,0%,7.67
baijax españa,0,3,0%,8.33
listones de wpc,0,3,0%,8.33
wpc tipo marmol,0,3,0%,8.33
revestimiento pared pvc,0,3,0%,8.67
arcos wpc,0,3,0%,11
placas wpc marmol,0,3,0%,12
lambrines wpc,0,3,0%,17
lambrin de madera precio,0,2,0%,1
lambrin precio,0,2,0%,1
panel vpc,0,2,0%,1
paneles de pvc para paredes exteriores,0,2,0%,1
paredes de pvc para exteriores,0,2,0%,1
plafon wpc,0,2,0%,1
precio de lambrin por metro cuadrado,0,2,0%,1
precio del lambrin,0,2,0%,1
pvc o pbc,0,2,0%,1
pvc para pared,0,2,0%,1
wpc lamina,0,2,0%,1
lambrin wpc o pvc,0,2,0%,1.5
precio de lambrin de pvc,0,2,0%,1.5
como se instala el wpc,0,2,0%,2
deck wpc precio m2,0,2,0%,2
panel de pared wpc precio,0,2,0%,2
panel wpc que es,0,2,0%,2
paneles pared wpc,0,2,0%,2
paneles wpc exterior precio,0,2,0%,2
paneles wpc precio,0,2,0%,2
piso wpc peru,0,2,0%,2
plancha wpc,0,2,0%,2
precio de wpc en colombia,0,2,0%,2
precio wpc,0,2,0%,2
wpc fence,0,2,0%,2
wpc para cielo raso,0,2,0%,2
wpc para techo,0,2,0%,2
laminas pvc para paredes,0,2,0%,2.5
madera wpc,0,2,0%,2.5
material wpc exterior,0,2,0%,2.5
material wpc que es,0,2,0%,2.5
paredes con paneles wpc,0,2,0%,2.5
paredes en pvc,0,2,0%,2.5
paredes en pvc - homecenter,0,2,0%,2.5
q es wpc,0,2,0%,2.5
tabla wpc,0,2,0%,2.5
wpc que es?,0,2,0%,2.5
wpc techo interior,0,2,0%,2.5
zocalo wpc,0,2,0%,2.5
piso wpc homecenter,0,2,0%,3
planchas de pvc para paredes,0,2,0%,3
teja wpc,0,2,0%,3
wall panel pvc,0,2,0%,3
wpc ceiling,0,2,0%,3
baldosas wpc exterior,0,2,0%,3.5
cielo raso wpc,0,2,0%,3.5
laminas wpc,0,2,0%,3.5
laminas wpc pared,0,2,0%,3.5
láminas de pvc para paredes interiores,0,2,0%,3.5
paneles wpc precio colombia,0,2,0%,3.5
pisos deck pvc,0,2,0%,3.5
pvc para paredes con humedad,0,2,0%,3.5
revestimiento fachada wpc,0,2,0%,3.5
tablero wpc,0,2,0%,3.5
wpc 2025,0,2,0%,3.5
material wpc para paredes,0,2,0%,4
piso wpc ecuador,0,2,0%,4
pisos wpc para exteriores,0,2,0%,4
wpc accesorios,0,2,0%,4
wpc fachada,0,2,0%,4
wpc para exterior,0,2,0%,4
wpc pared exterior,0,2,0%,4
deck de wpc,0,2,0%,4.5
muro wpc exterior,0,2,0%,4.5
panel lambrin wpc,0,2,0%,4.5
paneles de pvc para paredes promart,0,2,0%,4.5
paneles de wpc para paredes,0,2,0%,4.5
paneles pvc baño,0,2,0%,4.5
paneles pvc pared,0,2,0%,4.5
wpc y uv marmol,0,2,0%,4.5
bell and,0,2,0%,5
como instalar wpc en pared exterior,0,2,0%,5
deck pvc,0,2,0%,5
listones wpc exterior,0,2,0%,5
panel de wpc exterior,0,2,0%,5
pergolas de wpc,0,2,0%,5
tablas de pvc para exterior,0,2,0%,5
bell premium,0,2,0%,5.5
paneles wpc españa,0,2,0%,5.5
revestimiento de pared pvc,0,2,0%,5.5
revestimiento pared wpc,0,2,0%,5.5
wpc homecenter pared,0,2,0%,5.5
panel pared wpc,0,2,0%,6
siding wpc,0,2,0%,6
wall panel exterior wpc,0,2,0%,6
wpc wall panel exterior,0,2,0%,6
ecowood wpc,0,2,0%,6.5
materiales wpc,0,2,0%,6.5
panel wpc homecenter,0,2,0%,6.5
wpc techo,0,2,0%,6.5
lambrin wpc exterior precio,0,2,0%,7
corta vista de pvc,0,2,0%,7.5
lambrin colores,0,2,0%,8
wpc interior,0,2,0%,8
wpc y pvc,0,2,0%,8
lambrin tonos,0,2,0%,8.5
revestimiento pvc para paredes interiores,0,2,0%,8.5
wpc argentina,0,2,0%,8.5
qué es el wpc,0,2,0%,9
corta vista wpc,0,2,0%,9.5
que es alambrin,0,2,0%,9.5
lambrin de wpc,0,2,0%,10
wpc lambrin,0,2,0%,10.5
marmol pvc queretaro,0,2,0%,12
material de lambrin,0,2,0%,13.5
bell of,0,2,0%,28.5
pisos queretaro,0,2,0%,41
cladding wpc,0,1,0%,1
cocina con lambrin,0,1,0%,1
cuanto cuesta el lambrin,0,1,0%,1
cuanto se cobra la instalacion de lambrin,0,1,0%,1
cuánto se cobra por instalar lambrin,0,1,0%,1
de que material es el lambrin,0,1,0%,1
diferencia spc y pvc,0,1,0%,1
fábrica wpc argentina,0,1,0%,1
lambrin culiacan,0,1,0%,1
lambrin de pvc cerca de mi,0,1,0%,1
lambrin interior,0,1,0%,1
lambrin para que sirve,0,1,0%,1
lambrin wpc precio,0,1,0%,1
liquido para desmanchar pisos,0,1,0%,1
liquido para limpiar piso de vinil,0,1,0%,1
marmol pvc costa rica,0,1,0%,1
medidas de lambril,0,1,0%,1
metro de lambrin precio,0,1,0%,1
muro pvc exterior,0,1,0%,1
panel wps,0,1,0%,1
paneles pvc tipo madera,0,1,0%,1
pared decorativa en pvc,0,1,0%,1
paredes pvc,0,1,0%,1
piedra flexible queretaro,0,1,0%,1
piso deck pvc para exteriores,0,1,0%,1
piso wpc vs spc,0,1,0%,1
placa pvc simil marmol para mesadas,0,1,0%,1
precio de lambrin de madera,0,1,0%,1
precio de lambrin wpc,0,1,0%,1
precio lambrin,0,1,0%,1
precio lambrin interior,0,1,0%,1
q es lambrin,0,1,0%,1
que es lambril,0,1,0%,1
que es lambrin de pvc,0,1,0%,1
quifor recubrimiento,0,1,0%,1
revestimento wpc,0,1,0%,1
revestimiento csc vs spc,0,1,0%,1
ripado wpc paraguay,0,1,0%,1
spc vs wpc,0,1,0%,1
tendencia en pisos 2025,0,1,0%,1
tipos de lambrin,0,1,0%,1
valla de jardin wpc,0,1,0%,1
venta de lambrin de pvc,0,1,0%,1
wallpanel wpc,0,1,0%,1
wpc con marmol,0,1,0%,1
wpc tucuman,0,1,0%,1
wtc panel,0,1,0%,1
barda de wpc exterior,0,1,0%,2
caja de wpc,0,1,0%,2
caja wpc,0,1,0%,2
como instalar wall panel en pared,0,1,0%,2
como limpiar piso flotante de pvc,0,1,0%,2
como se coloca el wall panel,0,1,0%,2
cuánto mide una lámina de wpc,0,1,0%,2
deck de pvc para exteriores,0,1,0%,2
deck de wpc se calienta mucho,0,1,0%,2
division en pvc,0,1,0%,2
doble v pc,0,1,0%,2
flat wpc,0,1,0%,2
fluted panel wpc,0,1,0%,2
forro wpc,0,1,0%,2
hancai pisos precio,0,1,0%,2
hancai wpc,0,1,0%,2
instalación de lambrin,0,1,0%,2
lamina pvc para pared,0,1,0%,2
laminado wpc,0,1,0%,2
masterdeck,0,1,0%,2
medidas de lambrin para exterior,0,1,0%,2
medidas de paneles wpc,0,1,0%,2
muro de pvc,0,1,0%,2
panel pvc tipo madera para exterior,0,1,0%,2
panel wpc medidas,0,1,0%,2
panel wpc para cocina,0,1,0%,2
panel wpc pared perú,0,1,0%,2
panel wpc precio,0,1,0%,2
paneles de lambrin wpc,0,1,0%,2
paneles de pared de pvc,0,1,0%,2
paneles de pvc para paredes opiniones,0,1,0%,2
paneles para baño resistentes al agua,0,1,0%,2
paneles para cubrir azulejos baño,0,1,0%,2
paneles pared wpc exterior,0,1,0%,2
paneles sinteticos para paredes,0,1,0%,2
paneles spc,0,1,0%,2
paneles wpc perú precio,0,1,0%,2
pared de wpc y pvc,0,1,0%,2
paredes plasticas para baños,0,1,0%,2
pegamento para wpc exterior,0,1,0%,2
piscina wpc,0,1,0%,2
piso wpc honduras,0,1,0%,2
pisos de wpc,0,1,0%,2
precio de lámina de pvc,0,1,0%,2
precio wpc interior,0,1,0%,2
productos wpc,0,1,0%,2
puerta de wpc,0,1,0%,2
puerta wpc,0,1,0%,2
que es el lambrin de madera,0,1,0%,2
que es el material wpc,0,1,0%,2
que es panel wpc,0,1,0%,2
que tan buena es,0,1,0%,2
revestimiento paredes baño pvc,0,1,0%,2
revestimiento siding para exterior,0,1,0%,2
revestimiento wpc para exterior,0,1,0%,2
revestimientos de pared de pvc,0,1,0%,2
revestimientos para pared exterior pvc,0,1,0%,2
ripado de wpc,0,1,0%,2
ripados wpc,0,1,0%,2
rodapie poliestireno,0,1,0%,2
spc paredes,0,1,0%,2
spc piedra,0,1,0%,2
spc revestimiento pared,0,1,0%,2
tabla pvc para pared,0,1,0%,2
tablero para exterior wpc,0,1,0%,2
tamaño de lambrin,0,1,0%,2
tejas wpc,0,1,0%,2
tipos de lambrin de madera,0,1,0%,2
tipos de wall panel,0,1,0%,2
tubos de wpc,0,1,0%,2
vallas de wpc,0,1,0%,2
vinilico wpc,0,1,0%,2
w p c,0,1,0%,2
w pvc,0,1,0%,2
wpc closet,0,1,0%,2
wpc composite,0,1,0%,2
wpc floor,0,1,0%,2
wpc furniture,0,1,0%,2
wpc panel interior,0,1,0%,2
wpc panel piso,0,1,0%,2
wpc para baño,0,1,0%,2
wpc para baños,0,1,0%,2
wpc pared colores,0,1,0%,2
wpc piscina,0,1,0%,2
wpc precio m2,0,1,0%,2
wpc rodapie,0,1,0%,2
wpc significado,0,1,0%,2
wpc valla,0,1,0%,2
wpc wall panel sala,0,1,0%,2
bell&,0,1,0%,3
cercas wpc,0,1,0%,3
cielo raso en wpc,0,1,0%,3
como colocar paneles de madera en pared,0,1,0%,3
como colocar wall panel,0,1,0%,3
como instalar lambrin wpc,0,1,0%,3
como instalar panel wpc en pared,0,1,0%,3
como se instala el wpc en la pared,0,1,0%,3
como se instala wpc,0,1,0%,3
cómo se limpia el piso laminado,0,1,0%,3
deck de pvc para techos,0,1,0%,3
deck de wpc para exteriores,0,1,0%,3
deck pvc precio m2,0,1,0%,3
fachada revestimiento pvc simil madera exterior,0,1,0%,3
fachadas con paneles wpc,0,1,0%,3
flat panel wpc,0,1,0%,3
lambrin cedro,0,1,0%,3
laminas de pvc para paredes exteriores,0,1,0%,3
laminas pvc para techos economicas,0,1,0%,3
láminas de pvc para paredes precios,0,1,0%,3
láminas pvc para paredes,0,1,0%,3
madera plastica wpc,0,1,0%,3
mas simplificado,0,1,0%,3
panel de pvc para paredes,0,1,0%,3
panel wpv,0,1,0%,3
paneles de pvc para paredes de baños leroy merlin,0,1,0%,3
paneles de pvc para paredes peru precio,0,1,0%,3
paneles para paredes interiores,0,1,0%,3
paneles pared pvc,0,1,0%,3
paneles vj,0,1,0%,3
paneles wpc - homecenter,0,1,0%,3
paneles wpc promart,0,1,0%,3
pared con wpc,0,1,0%,3
pergola wpc exterior,0,1,0%,3
pisos wpc en peru,0,1,0%,3
placas de pvc para pared antihumedad,0,1,0%,3
precio de deck de pvc,0,1,0%,3
problemas suelo vinílico click,0,1,0%,3
puertas en wpc,0,1,0%,3
pvc wall panel black,0,1,0%,3
que significa material wpc,0,1,0%,3
revestimiento interior wpc,0,1,0%,3
revestimiento plastico exterior,0,1,0%,3
tableros spc,0,1,0%,3
techos wpc,0,1,0%,3
tiras de pvc para pared,0,1,0%,3
tornillos para wall panel,0,1,0%,3
w pc,0,1,0%,3
wall panel para sala,0,1,0%,3
wall panels pvc,0,1,0%,3
wpc costo,0,1,0%,3
wpc decoraciones,0,1,0%,3
wpc louvers exterior,0,1,0%,3
wpc placas,0,1,0%,3
wpc plank,0,1,0%,3
wpc q es,0,1,0%,3
wpc sinsa,0,1,0%,3
wpc suelo,0,1,0%,3
wpc techos,0,1,0%,3
wpc vs spc,0,1,0%,3
wps panel,0,1,0%,3
barras en wpc,0,1,0%,4
belñ,0,1,0%,4
costo de lambrin de madera,0,1,0%,4
dec pvc,0,1,0%,4
deck pvc precio m2 chile,0,1,0%,4
deck pvc sodimac,0,1,0%,4
dek patio,0,1,0%,4
duela pvc,0,1,0%,4
duelas de pvc,0,1,0%,4
lambrin para paredes,0,1,0%,4
lambrin ranurado home depot,0,1,0%,4
listones de wpc para exterior,0,1,0%,4
madera pvc pared,0,1,0%,4
marmol pvc precio,0,1,0%,4
panel wpc easy,0,1,0%,4
panel wpc home depot,0,1,0%,4
paneles de pared revestimiento pvc,0,1,0%,4
paneles de pvc para pared,0,1,0%,4
paneles de pvc para paredes de cocina,0,1,0%,4
paneles decorativos ikea,0,1,0%,4
paneles pared bricodepot,0,1,0%,4
paneles wpc bricomart,0,1,0%,4
paneles wpc leroy merlin,0,1,0%,4
paneles wpc para exterior,0,1,0%,4
pared wpc exterior,0,1,0%,4
piso deck wpc,0,1,0%,4
pisos de pvc para exterior,0,1,0%,4
pisos deck para exteriores,0,1,0%,4
pisos wpc exterior,0,1,0%,4
placas de wpc,0,1,0%,4
planchas wpc,0,1,0%,4
pvc imitacion madera,0,1,0%,4
revestimiento de paredes exteriores pvc,0,1,0%,4
revestimiento para pared antihumedad,0,1,0%,4
revestimiento wpc interior colores,0,1,0%,4
techo de wpc,0,1,0%,4
techos en wpc,0,1,0%,4
timber tube wpc,0,1,0%,4
wall panel wpc exterior,0,1,0%,4
wpc cocina,0,1,0%,4
wpc en cocinas,0,1,0%,4
wpc panel de pared,0,1,0%,4
wpc para exterior precio,0,1,0%,4
wpc para muros,0,1,0%,4
wpc pared interior,0,1,0%,4
wpc revestimiento exterior,0,1,0%,4
wpc terraza,0,1,0%,4
& sons,0,1,0%,5
clip para wpc,0,1,0%,5
colores del wpc,0,1,0%,5
deck para balcon,0,1,0%,5
deck pvc exterior,0,1,0%,5
decoracion con wpc en paredes,0,1,0%,5
diseño de wpc,0,1,0%,5
diseños de pared con wpc,0,1,0%,5
eco.wpc.products,0,1,0%,5
homecenter paneles wpc,0,1,0%,5
lambrin marmol,0,1,0%,5
laminas de wpc,0,1,0%,5
liston wpc exterior,0,1,0%,5
listones wpc interior,0,1,0%,5
listones wpc precio,0,1,0%,5
material wpc interior,0,1,0%,5
panel en wpc,0,1,0%,5
panel wpc leroy merlin,0,1,0%,5
paneles de pared de wpc,0,1,0%,5
paneles de pvc para paredes en méxico,0,1,0%,5
paneles para pared wpc,0,1,0%,5
piso deck exterior pvc,0,1,0%,5
piso wpc costa rica,0,1,0%,5
pisos deck pvc exterior,0,1,0%,5
precio de lambrin para exterior,0,1,0%,5
precio deck pvc,0,1,0%,5
puerta wpc interior,0,1,0%,5
pvc para deck,0,1,0%,5
revestimiento de pared pvc easy,0,1,0%,5
revestimiento de pared wpc,0,1,0%,5
revestimiento pvc simil madera interior,0,1,0%,5
revestimientos,0,1,0%,5
separadores wpc,0,1,0%,5
tabla de pvc,0,1,0%,5
tablas wpc exterior,0,1,0%,5
venta de lambrin de pvc cerca de mi,0,1,0%,5
viga wpc interior,0,1,0%,5
wall panel.exterior,0,1,0%,5
wall wpc,0,1,0%,5
wallpanel pvc,0,1,0%,5
wpc en paredes,0,1,0%,5
wpc exterior wall panel,0,1,0%,5
wpc home depot,0,1,0%,5
wpc pared sala,0,1,0%,5
cuánto cuesta el lambrin en home depot,0,1,0%,6
deck pvc simil madera,0,1,0%,6
deck wpc muro,0,1,0%,6
decoraciones con wpc,0,1,0%,6
diseños con wpc en paredes,0,1,0%,6
dormitorio paneles wpc habitacion,0,1,0%,6
esquineros para wpc,0,1,0%,6
homecenter pvc pared,0,1,0%,6
panel wpc para pared,0,1,0%,6
paneles de pvc para paredes guatemala precio,0,1,0%,6
paneles decorativos en pvc,0,1,0%,6
paneles decorativos pared leroy merlin,0,1,0%,6
paneles wpc bogotá precio,0,1,0%,6
paneles.wpc costa rica precio,0,1,0%,6
placas de wpc para exterior,0,1,0%,6
placas pvc,0,1,0%,6
puertas wpc exterior,0,1,0%,6
recubrimiento pvc paredes,0,1,0%,6
revestimiento wpc interior,0,1,0%,6
ripado wpc exterior,0,1,0%,6
viga de wpc,0,1,0%,6
wpac2025,0,1,0%,6
wpc barranquilla,0,1,0%,6
wpc para interiores,0,1,0%,6
wpc para tv,0,1,0%,6
wpc suelo exterior,0,1,0%,6
celosia wpc exterior,0,1,0%,7
coowin wpc,0,1,0%,7
cortavistas wpc,0,1,0%,7
deck exterior pvc,0,1,0%,7
lambrin interior wpc,0,1,0%,7
paredes con wpc y marmol,0,1,0%,7
ripado laminado,0,1,0%,7
separadores de ambiente wpc,0,1,0%,7
sodimac wpc,0,1,0%,7
tablon wpc exterior,0,1,0%,7
vinilo pvc pared,0,1,0%,7
wpc 20cm,0,1,0%,7
wpc liso exterior,0,1,0%,7
wpc oak,0,1,0%,7
wpc para fachadas,0,1,0%,7
wpc revestimiento interior,0,1,0%,7
cerca wpc,0,1,0%,8
colores de lambrin wpc,0,1,0%,8
corta vista pvc exterior,0,1,0%,8
cubre paredes pvc,0,1,0%,8
laminas acanaladas pvc,0,1,0%,8
puertas interior baratas,0,1,0%,8
que es lambrin wpc,0,1,0%,8
se puede pintar el lambrin de pvc,0,1,0%,8
tablilla wpc,0,1,0%,8
verjas wpc,0,1,0%,8
vigas,0,1,0%,8
wpc bucaramanga,0,1,0%,8
laminas de wpc para pared,0,1,0%,9
marmol para piso,0,1,0%,9
pvc vs wpvc,0,1,0%,9
revestimientos y pisos chile,0,1,0%,9
tarima exterior wpc,0,1,0%,9
onfloor,0,1,0%,10
paneles wpc uruguay,0,1,0%,10
pvc vs wpc panel,0,1,0%,10
revestimiento pvc pared,0,1,0%,10
tablas wpc,0,1,0%,10
vigas wpc interior,0,1,0%,10
wpc deck,0,1,0%,10
cuántos metros cubre,0,1,0%,11
laminas wpc costa rica,0,1,0%,11
perfil para wpc,0,1,0%,11
wpc muro,0,1,0%,11
cortavista wpc,0,1,0%,12
deck piscina pvc,0,1,0%,12
perfiles simil madera,0,1,0%,12
wall panel construmart,0,1,0%,12
wpc costa rica,0,1,0%,12
empresa bell,0,1,0%,13
wall panel barato,0,1,0%,13
and sons,0,1,0%,14
lambrin wpc interior,0,1,0%,14
paneles decorativos,0,1,0%,15
paneles decorativos leroy merlin,0,1,0%,15
paneles wpc exterior españa,0,1,0%,15
vigas de wpc,0,1,0%,15
tendencias 2025 en planchas de policarbonato,0,1,0%,16
muros de lambrin de pvc,0,1,0%,17
materiales de construccion,0,1,0%,19
sons natural,0,1,0%,19
colores de lambrin,0,1,0%,24
siding simil madera,0,1,0%,28
piso queretaro,0,1,0%,36
pisos,0,1,0%,41
muro lambrin wpc,0,1,0%,52
marmoles queretaro,0,1,0%,53
lambrín wpc,0,1,0%,55
pisos premium,0,1,0%,60
lambrin de marmol,0,1,0%,68